X,Y,Test or train,Raw prediction,Cumulative prediction,Cloglog prediction
1.0,1.0,train,4.240604683339775E-5,39.41158445078371,0.6570146022565987
2.0,2.0,train,4.331396590165478E-5,40.44325815258229,0.6647831655361023
3.0,3.0,train,2.7282475948296204E-5,22.25827061705098,0.49764168324032354
4.0,4.0,train,3.181744684547333E-5,27.341904587000236,0.5519616134448215
5.0,5.0,train,2.4503662697474644E-5,19.068850857128037,0.46115186783194284
6.0,6.0,train,1.1663191152109764E-5,7.45986746850553,0.25495234823088564
7.0,7.0,train,2.3440495746985068E-5,17.884265887277746,0.44650010772097104
8.0,8.0,train,5.343573756606667E-5,53.04626546087335,0.7403417296170206
9.0,9.0,train,2.4074874281625998E-5,18.563290052994727,0.4552898866585481
10.0,10.0,train,2.6648355231953072E-5,21.5348043683344,0.48953864000201364
11.0,11.0,train,1.729689247576297E-5,12.092413677314388,0.35368418625349607
12.0,12.0,train,2.6477963667990533E-5,21.308068963255277,0.48733911806840724
13.0,13.0,train,3.466004005598819E-5,30.444969693578813,0.5829736661655431
14.0,14.0,train,2.0682669789444742E-5,15.018979288796617,0.40660985694523144
15.0,15.0,train,4.754959167194088E-5,45.44672368368191,0.6987632543181184
16.0,16.0,train,1.4946657395723642E-5,10.114932715846175,0.31419473560113154
17.0,17.0,train,4.396549918018255E-5,41.27746015574509,0.6702493037883748
18.0,18.0,train,3.824882830368903E-5,34.46834130214485,0.6190795876995261
19.0,19.0,train,5.501774567507718E-6,3.0841128000446987,0.12962480326173265
20.0,20.0,train,3.65509255898074E-5,32.66382718054606,0.602404535594418
21.0,21.0,train,1.0777689398785294E-5,6.750264480254412,0.23811716190176802
22.0,22.0,train,2.1926435458203418E-5,16.30105659875383,0.42494418091589903
23.0,23.0,train,1.56117728959207E-5,10.638427412561105,0.3256088403662811
24.0,24.0,train,3.9052009529524994E-5,35.42580357144407,0.6267221251471669
25.0,25.0,train,3.232544851204301E-5,27.900504169687565,0.5576682880221919
26.0,26.0,train,2.281421592002033E-5,17.206873020805162,0.43768341907953856
27.0,27.0,train,1.0042598773459983E-5,6.157836704620402,0.223852990568862
28.0,28.0,train,2.4250458523032324E-5,18.767388641640938,0.457697975856427
29.0,29.0,train,3.46301786383098E-5,30.413017076459194,0.5826593107955865
30.0,30.0,train,4.435965637339779E-5,41.75038942028861,0.6735127807150756
31.0,31.0,train,1.5522557361812768E-5,10.552752676859868,0.32408890668246937
32.0,32.0,train,2.8512371693988323E-5,23.723810526153787,0.5129929249028856
33.0,33.0,train,2.0140501596386304E-5,14.553421999747272,0.3984359086673446
34.0,34.0,train,2.782306662692896E-5,22.930353834931964,0.5044479147786664
35.0,35.0,train,2.3721228844252798E-5,18.166931475055254,0.45040723129432303
36.0,36.0,train,1.8714699579693922E-5,13.281763832270382,0.3763985001409722
37.0,37.0,train,1.6151021493038552E-5,11.089235275765564,0.3347233393183632
38.0,38.0,train,2.8834609952663747E-5,24.058362388319786,0.5169368733043129
39.0,39.0,train,9.514002634030012E-6,5.75501643136062,0.21343099312528968
40.0,40.0,train,1.0853475940093034E-5,6.810652945898631,0.23957278326902154
41.0,41.0,train,3.379909171269132E-5,29.511887547249714,0.5738146253781833
42.0,42.0,train,1.7015710586635745E-5,11.855409406418307,0.3490820750475827
43.0,43.0,train,1.6019119651713417E-5,10.97482355075136,0.33250535003305626
44.0,44.0,train,2.1538053524031232E-5,15.879427714641094,0.4192807157949012
45.0,45.0,train,1.9785869518968272E-5,14.227385431237245,0.39302851599597577
46.0,46.0,train,4.1606086165240613E-5,38.39599820995667,0.6500207196726384
47.0,47.0,train,4.563573026044293E-5,43.19327044281006,0.6838582911085425
48.0,48.0,train,2.7837090244998372E-5,22.948181914786456,0.5046232446404083
49.0,49.0,train,2.460382559606423E-5,19.17382771332004,0.46251208386477105
50.0,50.0,train,1.8272595980839584E-5,12.91384505533541,0.3694026694810747
51.0,51.0,train,2.2401787968817255E-5,16.79228010899089,0.43180075338068213
52.0,52.0,train,4.7243191953595246E-5,45.113909943066524,0.6964251728377159
53.0,53.0,train,4.2578358511468916E-5,39.601697760879645,0.6585026945127931
54.0,54.0,train,1.878414221249833E-5,13.338161500547512,0.3774902828785395
55.0,55.0,train,4.420382166549175E-5,41.5440210811611,0.6722264048223372
56.0,56.0,train,1.3971166160923847E-5,9.311859957408705,0.297103885662397
57.0,57.0,train,2.3358981350896523E-5,17.80862422618564,0.4453604303266908
58.0,58.0,train,1.0015057364986691E-5,6.135659149520549,0.22331339993548383
59.0,59.0,train,1.336544507021918E-5,8.832298604271987,0.28627782550267433
60.0,60.0,train,7.448187934299513E-6,4.315905962386397,0.17134086402270998
61.0,61.0,train,1.0106705963981661E-5,6.209458637880278,0.2251075257771925
62.0,62.0,train,2.5891594763282448E-5,20.696009785892,0.4796972171171354
63.0,63.0,train,1.2017753967164827E-5,7.756265275802163,0.2615885444676703
64.0,64.0,train,2.513319877989074E-5,19.750628343422832,0.46964416934410114
65.0,65.0,train,1.8292347240751547E-5,12.9291810031812,0.3697168809672756
66.0,66.0,train,2.679353051045506E-5,21.711781491876938,0.4914052072820926
67.0,67.0,train,3.813267029350644E-5,34.32553652297276,0.6179614291347402
68.0,68.0,train,2.19919046496594E-5,16.367443649850802,0.42589341131978464
69.0,69.0,train,4.0894610903864115E-5,37.54660595831375,0.6436807115221379
70.0,70.0,train,4.767611558353484E-5,45.58131905533857,0.6997234744470648
71.0,71.0,train,1.7340350466536295E-5,12.12733915009726,0.3543925554501567
72.0,72.0,train,3.682221304173004E-5,32.98620963718346,0.6051170297694363
73.0,73.0,train,2.9779473463534736E-5,25.12189082113495,0.5283181048339913
74.0,74.0,train,1.5207261910710413E-5,10.311445769129092,0.3186898309431401
75.0,75.0,train,2.4475342486208734E-5,19.039169540120927,0.4607666544143022
76.0,76.0,train,3.2887574027971056E-5,28.522046770460722,0.5638982904999319
77.0,77.0,train,1.0571805495994038E-5,6.5790946294261765,0.2341486969363351
78.0,78.0,train,5.46243492339523E-6,3.0614715832942885,0.12876036126557056
79.0,79.0,train,3.6099037192160905E-5,32.09891944812694,0.5978448550594098
80.0,80.0,train,1.5066070002837065E-5,10.206599705042029,0.31625812022241906
81.0,81.0,train,2.183255865944024E-5,16.200410509130993,0.4235803324600921
82.0,82.0,train,2.747782572553699E-5,22.495257209672207,0.5001119274629111
83.0,83.0,train,4.278691874737952E-5,39.858672785792045,0.6602951973071457
84.0,84.0,train,5.0899103962436765E-5,49.614050253735414,0.7231777984158201
85.0,85.0,train,2.8675058994287017E-5,23.89095942812702,0.514988100554433
86.0,86.0,train,2.4873362400380437E-5,19.477595870230893,0.4661553764319025
87.0,87.0,train,1.9620117766367355E-5,14.086541905106024,0.39048450894688547
88.0,88.0,train,2.3830907670648038E-5,18.28618489158302,0.4519261911957013
89.0,89.0,train,3.5436698660333096E-5,31.40142131968014,0.5910670151252391
90.0,90.0,train,1.3938340050263456E-5,9.28424416199543,0.2965214153430642
91.0,91.0,train,2.087330142648407E-5,15.209810177970244,0.40945742762428206
92.0,92.0,train,2.0220811760852683E-5,14.61705730418781,0.39965376423075516
93.0,93.0,train,3.3460590552289357E-5,29.165349491881766,0.5701586928347673
94.0,94.0,train,2.9475486863718027E-5,24.798352487230854,0.5246860387651766
95.0,95.0,train,3.458536881147706E-5,30.36506921090897,0.5821871467667337
96.0,96.0,train,2.2457428513839774E-5,16.845595699860144,0.43259795933035383
97.0,97.0,train,2.4458394895949442E-5,19.021407426898342,0.460536000457195
98.0,98.0,train,1.0615775578697268E-5,6.615650923508322,0.23499796379118965
99.0,99.0,train,2.7126606477716382E-5,22.10022000047758,0.49566192406768317
100.0,100.0,train,3.073357823711304E-5,26.209675973808945,0.5395385770145473
101.0,101.0,train,2.330857782450717E-5,17.761852040609373,0.4446545495866545
102.0,102.0,train,5.493755108705452E-5,55.134468338595454,0.7499977545596173
103.0,103.0,train,2.5650138999202166E-5,20.42002361554915,0.47651740989421465
104.0,104.0,train,1.658223338791203E-5,11.491717938959301,0.34192306088468105
105.0,105.0,train,2.7592879395165126E-5,22.63927784468346,0.5015611207607233
106.0,106.0,train,6.427351825128837E-5,70.3320282310957,0.8024705678032407
107.0,107.0,train,2.7866372722164788E-5,22.98540842357159,0.5049891479536122
108.0,108.0,train,1.422976586041109E-5,9.529853485581633,0.3016756758290069
109.0,109.0,train,6.283396407502653E-6,3.550554193969378,0.14662330772433885
110.0,110.0,train,8.19842790346384E-6,4.800128120047079,0.18688100819057996
111.0,111.0,train,1.03997954185235E-5,6.439893702241894,0.230817314001022
112.0,112.0,train,3.169309651951514E-5,27.207162780867737,0.5505535343526036
113.0,113.0,train,2.1568440250753555E-5,15.910602270976428,0.41972582545799275
114.0,114.0,train,1.7357811813187098E-5,12.141372145556847,0.35467695829437207
115.0,115.0,train,2.4156092802358162E-5,18.657224193240417,0.4564051024310465
116.0,116.0,train,1.3328280621220368E-5,8.80141441688677,0.28560818164141
117.0,117.0,train,1.3463558056680942E-5,8.913831895910596,0.28804265005431484
118.0,118.0,train,4.00185393706356E-5,36.4896063716934,0.6357159736175488
119.0,119.0,train,4.085914227956501E-5,37.498687339617895,0.6433616595844516
120.0,120.0,train,2.6366120461288474E-5,21.17725880477869,0.4858902257105788
121.0,121.0,train,2.5628468013883757E-5,20.39079227817103,0.47623106924993086
122.0,122.0,train,1.549787160755679E-5,10.52904665421915,0.32366773943165905
123.0,123.0,train,2.9650933991115167E-5,24.985090266209347,0.5267856997518972
124.0,124.0,train,6.035336840627718E-6,3.3958525444728456,0.1412648470722423
125.0,125.0,train,4.3865784440659735E-5,41.156939458820865,0.6694185450381795
126.0,126.0,train,3.3419889254895895E-5,29.11885393591095,0.5697169975245284
127.0,127.0,train,4.298671342309108E-5,40.092666551555645,0.6620035385958879
128.0,128.0,train,4.280063983077677E-5,39.87654910576045,0.6604127948522102
129.0,129.0,train,4.0624447938532054E-5,37.20525621828669,0.6412432953886341
130.0,130.0,train,3.3965004834037275E-5,29.724483874148515,0.5755951739508129
131.0,131.0,train,3.237412093026222E-5,27.958974208443255,0.5582112228180013
132.0,132.0,train,4.184412010914974E-5,38.75037534737147,0.6521165732027154
133.0,133.0,train,3.073576754543272E-5,26.21230062173473,0.5395640143448441
134.0,134.0,train,2.3575169832748502E-5,18.01047889556493,0.44837789845305076
135.0,135.0,train,2.8908392493616338E-5,24.142933038052554,0.5178354116520432
136.0,136.0,train,2.27083887219633E-5,17.094870492245782,0.4361797871520483
137.0,137.0,train,2.5493341936365E-5,20.21523271565347,0.474442099990275
138.0,138.0,train,1.3848983262010573E-5,9.213234760960052,0.2949334116897938
139.0,139.0,train,2.969653812801799E-5,25.033626324827026,0.5273299461777551
140.0,140.0,train,2.092944903506366E-5,15.266316903817613,0.4102935275784517
141.0,141.0,train,3.308459750017701E-5,28.736890498958875,0.5660610586710003
142.0,142.0,train,3.0901605360410855E-5,26.395987193422233,0.5414867863393115
143.0,143.0,train,3.485906095222751E-5,30.661075536910392,0.5850627479100695
144.0,144.0,train,2.6387995710417322E-5,21.200472139870172,0.4861739342161756
145.0,145.0,train,2.3401464158379773E-5,17.848046343996568,0.4459546877894258
146.0,146.0,train,4.624489459447512E-5,43.871965339306534,0.6886807218145712
147.0,147.0,train,6.89581333720297E-5,78.80133191450864,0.8244933790945974
148.0,148.0,train,7.158060866413446E-5,83.26100752507861,0.8357316048408814
149.0,149.0,train,6.312641345642641E-5,68.13658873060136,0.7966693531932297
150.0,150.0,train,8.216715025864463E-5,95.04643561333127,0.8742416072619621
151.0,151.0,train,6.843228109409127E-5,77.86683033509316,0.8221490143432857
152.0,152.0,train,4.701617755696902E-5,44.81023648156045,0.6946811707007818
153.0,153.0,train,6.61662021268037E-5,73.71431797094006,0.8116827736996143
154.0,154.0,train,7.25344807812084E-5,84.87835877003168,0.8396383159344368
155.0,155.0,train,7.13545403270093E-5,82.93982457245639,0.8347918459964103
156.0,156.0,train,5.7735718712423636E-5,59.21240725715362,0.767041253285403
157.0,157.0,train,6.66751967728436E-5,74.66534777101066,0.8140860327122335
158.0,158.0,train,6.465455381213803E-5,71.01089865762792,0.8043607099890362
159.0,159.0,train,5.7218922414463015E-5,58.371759077277474,0.7639834002896071
160.0,160.0,train,6.538623126744263E-5,72.29608316282818,0.8079396636091022
161.0,161.0,train,7.880240348277334E-5,92.32280918679442,0.8630976318805936
162.0,162.0,train,8.585780138324831E-5,96.94724176272322,0.8854245855259518
163.0,163.0,train,3.9922436684945205E-5,36.39003613123081,0.6348314983433687
164.0,164.0,train,4.4977966283774525E-5,42.51161495210168,0.6785672101829354
165.0,165.0,train,5.7551291153060935E-5,58.87685506909308,0.7659545796211068
166.0,166.0,train,4.10620895474961E-5,37.76722686675348,0.6451833854283082
167.0,167.0,train,5.9216268089146555E-5,61.69402268941398,0.7755840074995453
168.0,168.0,train,6.4393679816316E-5,70.54450354104183,0.8030685971331132
169.0,169.0,train,4.49593894460634E-5,42.49110835811845,0.6784164984351188
170.0,170.0,train,7.730526999944243E-5,90.96251978045798,0.8578267396366516
171.0,171.0,train,5.607826666931809E-5,56.80207705753425,0.7570913941489382
172.0,172.0,train,5.909559615139474E-5,61.48249450717871,0.7748996156627904
173.0,173.0,train,6.94036326298785E-5,79.56007255538627,0.8264553159619943
174.0,174.0,train,8.27305272904916E-5,95.40208368183913,0.876016761600215
175.0,175.0,train,5.7791751516083775E-5,59.30807559107585,0.7673704062173791
176.0,176.0,train,6.765975149792381E-5,76.64266091856805,0.8186479937107882
177.0,177.0,train,7.021092639439387E-5,81.11860465291493,0.8299548501142687
178.0,178.0,train,6.0510283733368216E-5,63.698362855239566,0.7827935127845103
179.0,179.0,train,6.867969982362362E-5,78.32458039416991,0.8232559367538894
180.0,180.0,train,8.073893477803892E-5,93.97723258663382,0.8696266953923
181.0,181.0,train,6.60342811873993E-5,73.47638972572221,0.8110548452116466
182.0,182.0,train,6.11664653315404E-5,64.72972248662083,0.7863604020498962
183.0,183.0,train,8.371110251439224E-5,95.9945593077173,0.8790469197495259
184.0,184.0,train,7.162731182873126E-5,83.33060857743769,0.8359250811470386
185.0,185.0,train,6.250545120462134E-5,66.95071183432938,0.7934582196359687
186.0,186.0,train,5.829649494048412E-5,60.07442462685843,0.7703145308678515
187.0,187.0,train,5.465998789644421E-5,54.791620670218904,0.7482405961680574
188.0,188.0,train,5.622541065926954E-5,57.05208743025913,0.7579916433742103
189.0,189.0,train,5.637489358125291E-5,57.27555008218395,0.7589027861995196
190.0,190.0,train,8.895324469796397E-5,98.0047315629976,0.8940334661093502
191.0,191.0,train,5.8226402493041745E-5,59.96621027875475,0.7699079263335942
192.0,192.0,train,6.580716851391832E-5,73.03366119426032,0.809968905975978
193.0,193.0,train,5.6092125894454425E-5,56.82643635453356,0.7571763296511317
194.0,194.0,train,6.19149722970136E-5,65.97401168903446,0.7903576950888904
195.0,195.0,train,6.580600784154732E-5,73.03141159493906,0.8099633402217917
196.0,196.0,train,6.005141428864571E-5,62.878581863541825,0.780263853324934
197.0,197.0,train,6.944600215509708E-5,79.64789389357462,0.8266407613845005
198.0,198.0,train,6.061110287925023E-5,63.83950712602096,0.7833453955543398
199.0,199.0,train,5.803474841926126E-5,59.65821672377284,0.7687924672521795
200.0,200.0,train,5.7531184617203004E-5,58.840188258820284,0.7658358030114758
201.0,201.0,train,7.052151157792663E-5,81.55854010992037,0.8312823289402639
202.0,202.0,train,7.99092603538045E-5,93.30094958645502,0.8668684441568226
203.0,203.0,train,7.313534818160322E-5,85.75271952672485,0.8420514104317074
204.0,204.0,train,7.180529216496893E-5,83.60649386404347,0.8366603102621022
205.0,205.0,train,6.398182725218874E-5,69.74351113399635,0.8010112916712475
206.0,206.0,train,4.956123782991777E-5,47.954738612143984,0.7136728813771487
207.0,207.0,train,5.8662513429347366E-5,60.683714574951566,0.7724261512801456
208.0,208.0,train,6.382318470390381E-5,69.44935065027317,0.8002131113390034
209.0,209.0,train,7.027234789132349E-5,81.23785588038652,0.8302181989965592
210.0,210.0,train,7.050879856023935E-5,81.52875171077471,0.8312281959232984
211.0,211.0,train,6.614423910676261E-5,73.6751027961973,0.8115783772319021
212.0,212.0,train,7.687550397266624E-5,90.58777304912034,0.8562765302428332
213.0,213.0,train,5.525900290053609E-5,55.58954422641924,0.7520174363269125
214.0,214.0,train,4.5576746443706635E-5,43.12453177524354,0.6833873991715003
215.0,215.0,train,7.897470112808854E-5,92.5032856232853,0.8636915545384289
216.0,216.0,train,6.706549942671114E-5,75.45050867605305,0.8159080813986731
217.0,217.0,train,6.178263536798232E-5,65.77969619760297,0.789656451891281
218.0,218.0,train,7.206489689743004E-5,84.07042807870499,0.8377268227898942
219.0,219.0,train,6.716744379745595E-5,75.67226053255435,0.8163810396861979
220.0,220.0,train,7.19423794085232E-5,83.84709090724652,0.8372243648936862
221.0,221.0,train,4.730714042339913E-5,45.20847941542614,0.6969146460220653
222.0,222.0,train,7.97748604669611E-5,93.17372943029474,0.8664161719460896
223.0,223.0,train,6.273010740902245E-5,67.25185564119633,0.7946257797954633
224.0,224.0,train,7.981213946390032E-5,93.20850814316724,0.8665417741317953
225.0,225.0,train,6.142760317713593E-5,65.17287557177215,0.7877635543327437
226.0,226.0,train,6.409110078739974E-5,69.97634181442145,0.8015592255465145
227.0,227.0,train,6.579241630010067E-5,73.00506865512492,0.8098981527819118
228.0,228.0,train,8.466651042655605E-5,96.44158865028385,0.8819280607469248
229.0,229.0,train,6.173408998577297E-5,65.69393433978038,0.7893986260186264
230.0,230.0,train,5.260919998984492E-5,51.903727474687614,0.734869239838831
231.0,231.0,train,6.306876743588825E-5,68.0139863684363,0.7963733670169683
232.0,232.0,train,6.079669762388101E-5,64.09175701415839,0.7843576749159199
233.0,233.0,train,6.393769126836035E-5,69.6569396115499,0.800789550439747
234.0,234.0,train,6.308915049775012E-5,68.05733734928619,0.7964780740047605
235.0,235.0,train,7.045419782461705E-5,81.45319871207126,0.8309955041924004
236.0,236.0,train,6.495206017580122E-5,71.59233141821919,0.8058239195506008
237.0,237.0,train,7.747070293385125E-5,91.09165748561416,0.8584190060092637
238.0,238.0,train,6.652669892161047E-5,74.39379427960483,0.8133880744115758
239.0,239.0,train,6.452026819517974E-5,70.79456970290342,0.8036966536239766
240.0,240.0,train,8.156104224852414E-5,94.59467388222893,0.8723034200439355
241.0,241.0,train,3.148460574508443E-5,27.0079541369488,0.5481827553278646
242.0,242.0,train,7.206793249314478E-5,84.0753221124746,0.8377392523965098
243.0,243.0,train,8.048061602276706E-5,93.76877346688596,0.8687740976551422
244.0,244.0,train,7.114125791190447E-5,82.5879261667368,0.8339003096129622
245.0,245.0,train,5.887740559819156E-5,61.07362416314589,0.7736568431438495
246.0,246.0,train,6.921069248974809E-5,79.22039556741599,0.8256083325832577
247.0,247.0,train,5.18335125885353E-5,50.81041268429924,0.7296285617795002
248.0,248.0,train,6.617338273945519E-5,73.72713902102157,0.8117168926411895
249.0,249.0,train,6.163763602987165E-5,65.50481564730022,0.7888854182595177
250.0,250.0,train,8.527858794199493E-5,96.70951565709223,0.8837376788500388
251.0,251.0,train,6.974732487959744E-5,80.17243005829792,0.8279539048712345
252.0,252.0,train,8.592814478796812E-5,96.97544981172771,0.8856277804158664
253.0,253.0,train,5.522713509583838E-5,55.54585044593999,0.7518179416696981
254.0,254.0,train,4.9649820273920956E-5,48.07280467632108,0.714312186514652
255.0,255.0,train,5.795864854710956E-5,59.56251105898038,0.768348054711141
256.0,256.0,train,8.293884135597325E-5,95.55157158738726,0.8766667774835138
257.0,257.0,train,6.661493837521265E-5,74.5440163033647,0.8138031260536109
258.0,258.0,train,6.438548848685244E-5,70.52756113769486,0.8030278874614003
259.0,259.0,train,9.264695717249841E-5,98.63367766752305,0.9034639246501995
260.0,260.0,train,6.379594422656064E-5,69.40868047158693,0.800075734248136
261.0,261.0,train,7.626329317922478E-5,89.89464325895652,0.8540389896421153
262.0,262.0,train,6.541384196783918E-5,72.3375690481415,0.8080734300501171
263.0,263.0,train,4.919566940074674E-5,47.39210314747085,0.7110193809057386
264.0,264.0,train,6.818397055849583E-5,77.44362860713568,0.8210311320234199
265.0,265.0,train,6.053672674228524E-5,63.737476598447465,0.7829383973507078
266.0,266.0,train,5.097530898372553E-5,49.71594022808954,0.7237096008958867
267.0,267.0,train,5.373292542679635E-5,53.459424182629505,0.7422816734737333
268.0,268.0,train,6.706020867923969E-5,75.44042214810415,0.8158835024051905
269.0,269.0,train,6.775006930931303E-5,76.77960144547946,0.819060836133064
270.0,270.0,train,6.358897014636708E-5,69.04801481668142,0.7990288481876601
271.0,271.0,train,6.0124573190133814E-5,63.01165921505497,0.78066912963402
272.0,272.0,train,6.972707383449884E-5,80.12396740640422,0.8278659648478008
273.0,273.0,train,4.357001876470021E-5,40.80289441292344,0.6669420854279587
274.0,274.0,train,5.866370664351217E-5,60.68577921563092,0.7724330032834407
275.0,275.0,train,7.049985398253907E-5,81.50779329969724,0.8311900988079473
276.0,276.0,train,6.012124753342608E-5,63.004896885225456,0.7806507228147318
277.0,277.0,train,5.8223471752654595E-5,59.960831236358494,0.7698909095132844
278.0,278.0,train,6.02509102214036E-5,63.2673985956404,0.7813672361657769
279.0,279.0,train,6.442020717587254E-5,70.59937097462954,0.8032003763728847
280.0,280.0,train,7.245288073281633E-5,84.75505957021035,0.8393077777995364
281.0,281.0,train,7.676439986902675E-5,90.46615972581998,0.8558730241725782
282.0,282.0,train,5.6021739789047693E-5,56.71061578504831,0.7567446644528566
283.0,283.0,train,4.20707461882554E-5,38.98827372452098,0.654100317880728
284.0,284.0,train,4.1596300986353984E-5,38.38405419722882,0.6499342929452208
285.0,285.0,train,2.4326049269906755E-5,18.86098212149944,0.45873140112874256
286.0,286.0,train,3.529783911972397E-5,31.23083662037211,0.5896316172116938
287.0,287.0,train,1.2748419858185285E-5,8.332548918437595,0.27507826971185056
288.0,288.0,train,6.834453293107457E-6,3.9105014683804638,0.15840762868517333
289.0,289.0,train,1.29918214898601E-5,8.5120091850344,0.27951706303116797
290.0,290.0,train,3.592682688660025E-5,31.929639600062185,0.5960934763167901
291.0,291.0,train,2.9423779548084304E-5,24.743182690292844,0.5240654566310756
292.0,292.0,train,1.0856420358141949E-5,6.812999111932589,0.23962928013233986
293.0,293.0,train,1.0395141391509772E-5,6.436253263080009,0.23072697667151187
294.0,294.0,train,3.7951787778877196E-5,34.12310820507328,0.6162136817511574
295.0,295.0,train,2.4294749702783446E-6,1.242140626110102,0.05946365148965982
296.0,296.0,train,2.7769949467009715E-5,22.86282654176146,0.5037832562430036
297.0,297.0,train,5.440169513191132E-5,54.41917935241959,0.7465943402014226
298.0,298.0,train,3.5803910669143125E-5,31.81215622186549,0.5948387555388066
299.0,299.0,train,1.696282787359411E-6,0.7787229321079097,0.04190058088491333
300.0,300.0,train,9.40727420285635E-6,5.669406597911759,0.2113097753997627
301.0,301.0,train,3.918371682068544E-5,35.570493442041574,0.6279606477261994
302.0,302.0,train,2.6933302341434767E-5,21.88396366184272,0.4931958513217056
303.0,303.0,train,1.0853511898077948E-5,6.810681597877207,0.23957347324845857
304.0,304.0,train,1.0863690975112762E-5,6.8187924722161695,0.23976876919595613
305.0,305.0,train,2.189037878297588E-5,16.264494419086056,0.42442072921744267
306.0,306.0,train,9.416094696882949E-6,5.676519026988459,0.21148529854164633
307.0,307.0,train,4.326623425064156E-5,40.38949808977106,0.664379169416438
308.0,308.0,train,6.671261985258113E-6,3.8112514490932394,0.1549348535234487
309.0,309.0,train,1.0271024409371379E-5,6.339167380016003,0.22831387662322644
310.0,310.0,train,1.0974344978563447E-5,6.906963601486745,0.2418885453468972
311.0,311.0,train,1.5035855800869021E-5,10.183405797863239,0.3157366227303344
312.0,312.0,train,2.7448569024306812E-5,22.459764740554462,0.49974274437448274
313.0,313.0,train,9.332777017793721E-6,5.6093355924131965,0.2098257616126168
314.0,314.0,train,2.2918167036349968E-5,17.317144708564875,0.43915649090307607
315.0,315.0,train,1.3412850085990226E-5,8.871692848758672,0.2871310770884613
316.0,316.0,train,5.3197630824298836E-5,52.67228354150449,0.738776916247228
317.0,317.0,train,7.874961531353588E-6,4.590839753828818,0.18021692798424005
318.0,318.0,train,4.51796239079864E-5,42.70009701123582,0.68019869735953
319.0,319.0,train,7.644755601973307E-6,4.442075032144128,0.17544096653208474
320.0,320.0,train,5.592373201268801E-5,56.56662407458797,0.7561423221047953
321.0,321.0,train,1.2704453672668759E-5,8.300474812586053,0.27427356936911573
322.0,322.0,train,1.854133615565009E-5,13.134969734177353,0.37366450173035626
323.0,323.0,train,2.552533949791083E-5,20.25180081862195,0.47486627539301507
324.0,324.0,train,1.4567074533372192E-5,9.814275310293825,0.307594304129457
325.0,325.0,train,2.9238115925228188E-5,24.542052684104835,0.521830468981058
326.0,326.0,train,1.2074767188703702E-5,7.8018327180830065,0.26265010555271984
327.0,327.0,train,5.900738954727487E-5,61.3250124771912,0.7743980311717199
328.0,328.0,train,2.8654417354757135E-5,23.870174085128404,0.5147354076541659
329.0,329.0,train,3.6868636553177214E-5,33.03636872854862,0.6055793420049849
330.0,330.0,train,6.24090506851098E-5,66.79540987454777,0.7929551837513528
331.0,331.0,train,3.125464843296012E-5,26.776007346287297,0.545553371278406
332.0,332.0,train,5.987021478114053E-5,62.58293823578148,0.7792568402311651
333.0,333.0,train,7.560605385419935E-5,89.0594596313375,0.8515980893377753
334.0,334.0,train,3.31263449852438E-5,28.78384240639329,0.5665179506735973
335.0,335.0,train,3.566769015698065E-5,31.6692819994598,0.5934436714666069
336.0,336.0,train,2.6937037815526436E-5,21.8885803400324,0.4932436206097274
337.0,337.0,train,4.5823514224320675E-5,43.40108927948075,0.6853527882793473
338.0,338.0,train,2.6229861773235044E-5,21.032665316207225,0.4841195042602673
339.0,339.0,train,4.263292170464947E-5,39.666446925087286,0.6589725577472353
340.0,340.0,train,7.1198185645349E-5,82.70739080952899,0.8341387414070416
341.0,341.0,train,5.892853091163035E-5,61.17596258120388,0.7739486574572672
342.0,342.0,train,6.306569707311603E-5,68.00745627797971,0.7963575900163519
343.0,343.0,train,2.514260526438816E-5,19.764154702369215,0.4697700405801889
344.0,344.0,train,6.710585948423014E-5,75.53257517284804,0.8160954723925528
345.0,345.0,train,4.1018076286989854E-5,37.713880936274435,0.6447890988189247
346.0,346.0,train,3.5786761430594173E-5,31.795764971630874,0.5946633876569402
347.0,347.0,train,5.153863033686079E-5,50.416942181594116,0.7276092211239333
348.0,348.0,train,4.054185642137815E-5,37.10904279839236,0.6404948304652056
349.0,349.0,train,4.0147260751580145E-5,36.63176392242413,0.6368972976318101
350.0,350.0,train,4.342638216306747E-5,40.596293448660006,0.6657327256647971
351.0,351.0,train,5.82275912000073E-5,59.96839201589957,0.7699148279894352
352.0,352.0,train,8.132875692525243E-5,94.39754197348005,0.8715527349328029
353.0,353.0,train,6.910262687779463E-5,79.04443061118639,0.8251321331551101
354.0,354.0,train,4.291994917022888E-5,40.025002004074025,0.6614336297777338
355.0,355.0,train,2.8544857681341208E-5,23.75985167651017,0.5133919835213072
356.0,356.0,train,5.1671680682495687E-5,50.585327696275826,0.7285222045957235
357.0,357.0,train,3.0365025794078223E-5,25.758716120399846,0.5352363143142099
358.0,358.0,train,5.341737082756955E-5,53.01551057922703,0.740221359635785
359.0,359.0,train,7.317785796950146E-5,85.80793340842155,0.8422207487050062
360.0,360.0,train,3.629029377654116E-5,32.31085229502631,0.5997810354185451
361.0,361.0,train,3.598750676835037E-5,31.987637459450166,0.5967114592618155
362.0,362.0,train,1.9417988750670752E-5,13.907632847208381,0.3873677387387052
363.0,363.0,train,6.1348712219826E-5,65.0464807418897,0.7873406297903374
364.0,364.0,train,5.283658209982849E-5,52.18163414767438,0.7363861309998038
365.0,365.0,train,4.88026711973176E-5,46.91214242902918,0.7081393455061734
366.0,366.0,train,5.623512187237887E-5,57.06659109804484,0.7580509405463881
367.0,367.0,train,5.7912103635393985E-5,59.50397466998927,0.7680758180717742
368.0,368.0,train,3.649012934072708E-5,32.58994692995536,0.6017941071999253
369.0,369.0,train,5.911382920506748E-5,61.51475613588243,0.7750031582685221
370.0,370.0,train,4.9969222973446356E-5,48.43801061680329,0.7166055065529501
371.0,371.0,train,4.460846895332196E-5,42.06205984003311,0.6755562081558244
372.0,372.0,train,6.942993972519351E-5,79.61460052808584,0.8265704817329805
373.0,373.0,train,3.807807610419276E-5,34.2584183695474,0.6174347620696368
374.0,374.0,train,1.3685772265657358E-5,9.089738758866693,0.2920236493920296
375.0,375.0,train,6.554092490930024E-5,72.53363126927137,0.8086879125900733
376.0,376.0,train,6.689090323906119E-5,75.1230912302603,0.8150952324076008
377.0,377.0,train,8.717614926737908E-5,97.52186587598894,0.889173460901632
378.0,378.0,train,5.0367713285546426E-5,48.9849604952123,0.7194408837346622
379.0,379.0,train,4.726893387032801E-5,45.15197808590729,0.6966223011211334
380.0,380.0,train,3.1964800511704004E-5,27.51117191705602,0.5536244606655596
381.0,381.0,train,3.041847983033966E-5,25.825291182755148,0.5358627884871193
382.0,382.0,train,6.502215128561223E-5,71.73594751648132,0.8061670490122417
383.0,383.0,train,5.155892279283308E-5,50.4394273276724,0.7277486649124811
384.0,384.0,train,4.05941767129962E-5,37.16999232880311,0.640969151065539
385.0,385.0,train,6.594177317167845E-5,73.29503438256593,0.8106132692084981
386.0,386.0,train,2.9130722679534258E-5,24.412967072891504,0.5205328989576857
387.0,387.0,train,7.646282515397728E-5,90.122793260009,0.8547720501777472
388.0,388.0,train,3.896408607433784E-5,35.33151258406277,0.6258930341408094
389.0,389.0,train,2.0974162604460773E-5,15.31195239899709,0.4109585152566029
390.0,390.0,train,6.8357585936255E-5,77.75440004939107,0.821813476564153
391.0,391.0,train,2.696026745564149E-5,21.91728988806875,0.4935405804857056
392.0,392.0,train,5.562642404590025E-5,56.09026422245032,0.754305967988796
393.0,393.0,train,5.041703040892968E-5,49.04069271390189,0.7197898112879486
394.0,394.0,train,2.324307066602517E-5,17.685729660464187,0.4437358060019645
395.0,395.0,train,3.535892978067576E-5,31.307520521981992,0.5902637340548709
396.0,396.0,train,4.6436730648552254E-5,44.10619887884749,0.6901841021335451
397.0,397.0,train,4.995094066128118E-5,48.41682560029224,0.7164747371758176
398.0,398.0,train,3.14819732007558E-5,27.005438795024467,0.5481527404716442
399.0,399.0,train,3.9028982662886256E-5,35.40110906885608,0.6265051666708421
400.0,400.0,train,6.225084532815103E-5,66.51858552211337,0.7921269821586567
401.0,401.0,train,5.887701662454742E-5,61.072845547921254,0.7736546215072447
402.0,402.0,train,3.8685502293025654E-5,34.97046386954118,0.6232538946034647
403.0,403.0,train,5.7056081754953146E-5,58.15515796482267,0.763011590358948
404.0,404.0,train,3.616577666799257E-5,32.16592532547564,0.5985215518587776
405.0,405.0,train,4.831601176191083E-5,46.31936766532717,0.704533115639665
406.0,406.0,train,7.787188844132099E-5,91.45503510491051,0.8598450637646957
407.0,407.0,train,4.223320917569409E-5,39.227204148469184,0.655515453425103
408.0,408.0,train,2.3117971395032076E-5,17.5336712477089,0.4419770528530008
409.0,409.0,train,9.037208558234205E-6,5.384226165576854,0.20391035145018233
410.0,410.0,train,1.8734879995957804E-5,13.298153309111655,0.37671597551600267
411.0,411.0,train,3.2808335298157256E-5,28.423882807573182,0.5630254339028233
412.0,412.0,train,3.376709113866747E-5,29.477854892281304,0.5734703428250187
413.0,413.0,train,6.633757948743266E-5,74.04644250837076,0.8124953948632856
414.0,414.0,train,3.816190275060095E-5,34.361474936289895,0.6182431348844459
415.0,415.0,train,2.2704608847485966E-5,17.09087005089544,0.43612600699357296
416.0,416.0,train,2.599626669593187E-5,20.803054707840236,0.4810696664458578
417.0,417.0,train,5.764709339285342E-5,59.05137912051959,0.7665196913462708
418.0,418.0,train,3.964914087590555E-5,36.07897808002706,0.632304482284586
419.0,419.0,train,4.364893164169544E-5,40.8944938760095,0.6676046354215058
420.0,420.0,train,1.272595969559918E-5,8.316163834679106,0.27466729941307866
421.0,421.0,train,6.58022664549556E-5,73.02416009059763,0.8099453980991294
422.0,422.0,train,3.2999789466358945E-5,28.64441180092322,0.565131420919813
423.0,423.0,train,7.926907175997134E-5,92.77997812922057,0.8647003162697591
424.0,424.0,train,1.5313961522544135E-5,10.388849877803871,0.32052175106237446
425.0,425.0,train,3.8084336093696503E-5,34.266114407188674,0.6174951886692357
426.0,426.0,train,6.415054893279161E-5,70.09793942999076,0.8018566843779283
427.0,427.0,train,4.374732189451788E-5,41.00922929091994,0.6684288710208572
428.0,428.0,train,4.9496641035327964E-5,47.83753989177014,0.7132057803727543
429.0,429.0,train,2.8026205225253935E-5,23.156978262736967,0.5069815990298003
430.0,430.0,train,4.718476851700659E-5,45.02751110367961,0.6959772983022525
431.0,431.0,train,4.7426272292820334E-5,45.33364962509835,0.6978243993213147
432.0,432.0,train,3.316210399105871E-5,28.824631493366613,0.5669089211604912
433.0,433.0,train,2.7391236183623683E-5,22.390211988814986,0.49901848455154774
434.0,434.0,train,6.183130548620947E-5,65.85116043672781,0.7899146233833138
435.0,435.0,train,3.3894770842453634E-5,29.634488046735992,0.5748423456920619
436.0,436.0,train,3.185290707928769E-5,27.382940258985585,0.5523623379282732
437.0,437.0,train,9.108505568825568E-6,5.435843957937526,0.20534130663903905
438.0,438.0,train,6.766615069478213E-5,76.6526218339792,0.8186772753994099
439.0,439.0,train,8.213137408484133E-5,95.02688829319835,0.8741280250648359
440.0,440.0,train,3.346596301645271E-5,29.17148678293157,0.5702169615690349
441.0,441.0,train,6.184508212550778E-5,65.87138921530928,0.7899876442480511
442.0,442.0,train,3.092284896200828E-5,26.419051488078587,0.5417325099862783
443.0,443.0,train,1.532593801505826E-5,10.397538098052982,0.32072706712629917
444.0,444.0,train,3.3709605093664206E-5,29.42153751236076,0.5728511726317689
445.0,445.0,train,4.119272154884401E-5,37.89588868096821,0.6463510585379525
446.0,446.0,train,9.91565026721471E-6,6.055612176240571,0.22136269597967984
447.0,447.0,train,1.916688201725077E-5,13.674154207600656,0.3834735389964269
448.0,448.0,train,6.24351556238884E-5,66.83746512666507,0.7930915250273631
449.0,449.0,train,4.9201494126380673E-5,47.400965517045414,0.7110618522122596
450.0,450.0,train,1.4554125339632004E-5,9.803814552170532,0.30736801814090564
451.0,451.0,train,5.81242508144532E-5,59.77872243015989,0.7693140577263973
452.0,452.0,train,2.8964422312094955E-5,24.20715525230498,0.5185166371523149
453.0,453.0,train,6.329926683517463E-5,68.46625302658641,0.7975543001970714
454.0,454.0,train,6.609385810819994E-5,73.5851470588418,0.81133868335088
455.0,455.0,train,4.3661075609539586E-5,40.90859019306971,0.667706478700419
456.0,456.0,train,4.2161070917761164E-5,39.118414851972766,0.6548878084156818
457.0,457.0,train,1.7367305480627215E-5,12.149001831556804,0.354831534454326
458.0,458.0,train,8.334410257412871E-5,95.78853215284278,0.8779215926278862
459.0,459.0,train,4.6752647324284245E-5,44.50207591546153,0.6926440714743172
460.0,460.0,train,2.7404209771297457E-5,22.40595076456537,0.4991824657490408
461.0,461.0,train,3.31267971028691E-5,28.784358121657746,0.5665228960963777
462.0,462.0,train,4.464931573086375E-5,42.105935924036594,0.6758904469195138
463.0,463.0,train,7.418613369863787E-5,87.21317586342293,0.8461844366803402
464.0,464.0,train,5.316614570548837E-5,52.63120372338219,0.738569294535148
465.0,465.0,train,3.502416247204634E-5,30.85935341989764,0.5867878408246233
466.0,466.0,train,3.716377517791339E-5,33.35122685033067,0.6085058711457518
467.0,467.0,train,3.24173023669051E-5,28.008764564440295,0.5586923484822082
468.0,468.0,train,7.346186690762592E-5,86.18569327287982,0.8433474530256766
469.0,469.0,train,5.6287381079413764E-5,57.14464006773031,0.7583697886069907
470.0,470.0,train,4.634925576791761E-5,43.98708573689381,0.6894994817779964
471.0,471.0,train,4.826848285287599E-5,46.2630591650796,0.704178538719235
472.0,472.0,train,5.069958392877208E-5,49.35688086160862,0.7217805793768606
473.0,473.0,train,2.4691262453856443E-5,19.267022366448664,0.463696672536
474.0,474.0,train,5.099213553597247E-5,49.73843818095295,0.7238268884910264
475.0,475.0,train,5.3563991975772095E-5,53.258790371959435,0.7411807166285007
476.0,476.0,train,5.117093257313608E-5,49.97100242507101,0.7250701019834485
477.0,477.0,train,2.0638811882131536E-5,14.977464355998347,0.4059527865204875
478.0,478.0,train,5.71673987518271E-5,58.297685010178995,0.7636763461363105
479.0,479.0,train,5.222224583535604E-5,51.34664713702674,0.7322677328195386
480.0,480.0,train,3.8138297662032555E-5,34.33245481572268,0.6180156748051746
481.0,481.0,train,5.7070562533318274E-5,58.17287748512951,0.7630981714422321
482.0,482.0,train,3.8331552702937504E-5,34.566114117888986,0.619873912291359
483.0,483.0,train,4.901821258695587E-5,47.153268070770004,0.7097224481068931
484.0,484.0,train,4.458508781058307E-5,42.03694468910451,0.6753647311310653
485.0,485.0,train,8.269402443406735E-5,95.37267231369678,0.8759025071291989
486.0,486.0,train,3.371781736950848E-5,29.429582836381712,0.572939680340024
487.0,487.0,train,3.238383576582334E-5,27.970644613008023,0.55831951079709
488.0,488.0,train,4.046930609347998E-5,37.0245266712878,0.6398360731313529
489.0,489.0,train,4.136826572433333E-5,38.09245340879867,0.6479141363611987
490.0,490.0,train,4.629961671158373E-5,43.93232909021656,0.6891103101095386
491.0,491.0,train,6.917911613742916E-5,79.16897929027425,0.825469323215293
492.0,492.0,train,4.8950087592036404E-5,47.07439432992913,0.7092230158107827
493.0,493.0,train,3.504405973571E-5,30.8854126954519,0.5869952561167442
494.0,494.0,train,2.8461097559328435E-5,23.6648624966708,0.5123624062461636
495.0,495.0,train,7.056028409989208E-5,81.64938961462501,0.8314473181468611
496.0,496.0,train,1.8903179321297508E-5,13.434837203982227,0.37935734924703635
497.0,497.0,train,1.7901118535254542E-5,12.582411600933515,0.36346378318528294
498.0,498.0,train,4.596024552064228E-5,43.55175259612784,0.6864365309351342
499.0,499.0,train,5.846007318197568E-5,60.32285596440623,0.7712606512327486
500.0,500.0,train,4.9079098400978076E-5,47.223760434428165,0.7101680831517794
501.0,501.0,train,1.2837330166775992E-5,8.397410552794291,0.27670284369289944
502.0,502.0,train,2.81167459373969E-5,23.252856229700676,0.5081067074162811
503.0,503.0,train,4.8804591256987884E-5,46.9141758834003,0.7081534859520373
504.0,504.0,train,2.6274515859334385E-5,21.080050845748964,0.48470046796810173
505.0,505.0,train,1.6340812038601745E-5,11.260503500722587,0.3379018280358228
506.0,506.0,train,5.3476679411014455E-5,53.11482208544489,0.7406098492374633
507.0,507.0,train,7.857622100037719E-5,92.1298654515744,0.8623140340580696
508.0,508.0,train,3.0926321555581934E-5,26.42282170194921,0.5417726647731442
509.0,509.0,train,3.8366258999939014E-5,34.606327671354585,0.6202066707804129
510.0,510.0,train,7.022366666989788E-5,81.14334018637025,0.8300095084756306
511.0,511.0,train,3.3753040035197834E-5,29.464089441338253,0.5733190842492373
512.0,512.0,train,5.230057745434652E-5,51.46646275780937,0.732796411772177
513.0,513.0,train,1.572865885986005E-5,10.750674390263141,0.32759501423447657
514.0,514.0,train,1.7525075247605353E-5,12.274456736094956,0.357394932544853
515.0,515.0,train,3.050700740235817E-5,25.935549061102638,0.5368984630168725
516.0,516.0,train,3.396871877382096E-5,29.729242810331073,0.5756349460183472
517.0,517.0,train,7.334156634323459E-5,86.02152469791143,0.8428711889539175
518.0,518.0,train,3.377661505051211E-5,29.487185187340803,0.5735728361924775
519.0,519.0,train,7.094932906894607E-5,82.26629960949752,0.8330939207792101
520.0,520.0,train,7.042192205420321E-5,81.41634856760967,0.8308578038285825
521.0,521.0,train,2.6431104987637245E-5,21.24621836619945,0.48673257678456305
522.0,522.0,train,7.177610241242864E-6,4.134609132831136,0.16566365712140307
523.0,523.0,train,4.774473289195926E-5,45.663492709185405,0.7002429468442641
524.0,524.0,train,5.827832846863996E-5,60.04855139018799,0.7702092166507116
525.0,525.0,train,3.819753126624216E-5,34.405276670672016,0.6185861969681368
526.0,526.0,train,5.987262377094946E-5,62.58659962312306,0.7792702583725719
527.0,527.0,train,3.1816976688909E-5,27.341360507379758,0.551956297950585
528.0,528.0,train,3.701924354874101E-5,33.1924104853038,0.6070754507497462
529.0,529.0,train,7.901328716701888E-5,92.54081804343318,0.8638242099270461
530.0,530.0,train,5.2943093887670734E-5,52.316623455113124,0.7370936950841371
531.0,531.0,train,4.523776875999875E-5,42.75457522593562,0.680667571500217
532.0,532.0,train,4.427865163923234E-5,41.64311670373005,0.6728447385567604
533.0,533.0,train,4.223372277255682E-5,39.22797868673751,0.6555199179231679
534.0,534.0,train,7.925455664657639E-5,92.76995419206794,0.8646507507004957
535.0,535.0,train,4.4743583937984224E-5,42.2071953139663,0.6766605058993427
536.0,536.0,train,3.490767562670005E-5,30.714132361495366,0.585571453840171
537.0,537.0,train,3.040165939044103E-5,25.804341935263007,0.5356657462838085
538.0,538.0,train,3.4447273420710895E-5,30.21961297291545,0.5807286642287525
539.0,539.0,train,3.8103901088876425E-5,34.29016763271983,0.617683984671108
540.0,540.0,train,5.362956924003648E-5,53.336673208916295,0.7416086478699054
541.0,541.0,train,2.0489484412325316E-5,14.841654303184606,0.4037101313239295
542.0,542.0,train,1.5160086628736906E-5,10.277222958100207,0.31787830717675225
543.0,543.0,train,2.294726528616279E-5,17.348061705414576,0.43956814503575736
544.0,544.0,train,4.3820972717424055E-5,41.10106401650895,0.6690445214041014
545.0,545.0,train,5.29067172562866E-5,52.262229037315294,0.7368522567829124
546.0,546.0,train,4.3601476680752906E-5,40.83940972360471,0.6672063632343104
547.0,547.0,train,7.410837034352436E-5,87.09794119514595,0.8458823129851396
548.0,548.0,train,6.999847000537142E-5,80.7073272597905,0.8290407746370951
549.0,549.0,train,7.303158389936146E-5,85.50415616640913,0.8416373004667607
550.0,550.0,train,2.4049180470803554E-5,18.533573603994125,0.45493660743004805
551.0,551.0,train,4.6471685753260576E-5,44.155704352627225,0.6904572552327671
552.0,552.0,train,3.933259158703969E-5,35.73837801661562,0.6293556593340863
553.0,553.0,train,3.983128640773351E-5,36.29559699089878,0.6339906180010024
554.0,554.0,train,2.9092897568144208E-5,24.365111107782038,0.5200750421741193
555.0,555.0,train,2.312659330112535E-5,17.544151191717052,0.4420984452399179
556.0,556.0,train,7.421103730384644E-5,87.25007960402057,0.846281066106135
557.0,557.0,train,7.558618992908028E-5,89.0387899580438,0.8515236852568163
558.0,558.0,train,5.0420619445904444E-5,49.044499298714506,0.7198151874264471
559.0,559.0,train,5.784680887005701E-5,59.39769394652305,0.7676933760771971
560.0,560.0,train,5.181026178751383E-5,50.78281495769748,0.7294698864220068
561.0,561.0,train,4.3171022420510405E-5,40.282261196439954,0.6635718507737915
562.0,562.0,train,3.3336639551181024E-5,29.023752759621402,0.5688121477619139
563.0,563.0,train,3.2503578217859434E-5,28.090223173349365,0.5596520615235928
564.0,564.0,train,2.672512420123044E-5,21.62839021504485,0.49052653627061793
565.0,565.0,train,1.1945569397042308E-5,7.695507601814702,0.26024230679618554
566.0,566.0,train,3.841784195101263E-5,34.66609589614739,0.6207007018331077
567.0,567.0,train,4.082212999643247E-5,37.45176011586119,0.6430284173209916
568.0,568.0,train,3.3336209698198924E-5,29.02326171253769,0.568807470710295
569.0,569.0,train,6.708899709592435E-5,75.49530572950003,0.8160172038486955
570.0,570.0,train,6.904127211212914E-5,78.94210777744058,0.8248611901802315
571.0,571.0,train,4.4735871055388616E-5,42.19891042333258,0.6765975696170861
572.0,572.0,train,3.1085647488236636E-5,26.595214070860763,0.5436112259353736
573.0,573.0,train,2.4526040804953853E-5,19.092304485205634,0.4614560617100715
574.0,574.0,train,7.516363437946988E-5,88.4900698567854,0.8499320565293454
575.0,575.0,train,6.846118943424946E-5,77.91034127438184,0.8222787037151967
576.0,576.0,train,4.3807265410127784E-5,41.08397246539728,0.6689300280755754
577.0,577.0,train,2.0050210414778862E-5,14.4777200341507,0.39706374654009524
578.0,578.0,train,4.5766167204131287E-5,43.33890491192969,0.6848971372463728
579.0,579.0,train,4.0974992761225526E-5,37.65550995292474,0.6444027167489876
580.0,580.0,train,2.4376552026258965E-5,18.92351264150212,0.45942074284765144
581.0,581.0,train,4.302515638158842E-5,40.131627901066224,0.6623312576354208
582.0,582.0,train,3.4002982275921915E-5,29.768885332269534,0.5760016933631016
583.0,583.0,train,4.087310023352285E-5,37.51746259184,0.6434872500465751
584.0,584.0,train,4.1025183436955344E-5,37.72350993773009,0.6448527968735376
585.0,585.0,train,4.5687964723032875E-5,43.25410587944345,0.6842747154320573
586.0,586.0,train,4.262868428346173E-5,39.66141845324925,0.6589360909579802
587.0,587.0,train,4.614996095398484E-5,43.76724441602494,0.6879340499521088
588.0,588.0,train,1.670404955023729E-5,11.593356817495108,0.34394281088374334
589.0,589.0,train,7.300075972276751E-5,85.46909536072182,0.8415140760878421
590.0,590.0,train,6.813451899696969E-6,3.8977287985090157,0.15796151214170784
591.0,591.0,train,2.3211300635689166E-5,17.64711312538984,0.44328968139716063
592.0,592.0,train,1.924735343856455E-5,13.750551840692385,0.3847241892471913
593.0,593.0,train,2.1657925653544713E-5,16.002464286421603,0.4210346413120222
594.0,594.0,train,9.44375902354447E-5,98.84740465583175,0.9077287851342509
595.0,595.0,train,7.938685120369394E-5,92.86131498892148,0.8651018337147509
596.0,596.0,train,4.834615035173288E-5,46.35507348788691,0.7047577364318252
597.0,597.0,train,1.0651324418845957E-4,99.59133691003137,0.9319653518504342
598.0,598.0,train,6.739847841261101E-5,76.19341445343332,0.8174484037940137
599.0,599.0,train,1.2392514253897811E-5,8.055827646947526,0.2685385231030233
600.0,600.0,train,6.0028632311401665E-5,62.837443985721904,0.7801374958019723
601.0,601.0,train,8.952250623410115E-5,98.10996693149622,0.8955447581839737
602.0,602.0,train,3.8584794151779374E-5,34.8567648537536,0.622295269844751
603.0,603.0,train,8.328438779550674E-5,95.75500935190004,0.8777375021717213
604.0,604.0,train,1.9393518267201946E-5,13.885106353185037,0.38698933113761935
605.0,605.0,train,5.761105984475954E-5,58.98585083515894,0.7663072993766549
606.0,606.0,train,3.1994875000577154E-5,27.54173491713903,0.5539630842543896
607.0,607.0,train,2.2845021080965684E-5,17.239475754146913,0.43812035619151757
608.0,608.0,train,2.7618838751464356E-5,22.67182210293197,0.5018875183491318
609.0,609.0,train,4.793731194315392E-5,45.877145209911816,0.7016960853076576
610.0,610.0,train,6.520021478213412E-6,3.7148362156281984,0.15170360292224683
611.0,611.0,train,1.4715285181159043E-5,9.93400444315738,0.3101790123429844
612.0,612.0,train,1.4539343562418165E-5,9.79187337659089,0.3071096175284267
613.0,613.0,train,3.5519129673738507E-5,31.500951336673314,0.5919167325597807
614.0,614.0,train,1.6336423876707643E-5,11.256300863341366,0.3378285097298095
615.0,615.0,train,4.625194548544933E-5,43.87974314924792,0.6887361071418513
616.0,616.0,train,6.400309836646642E-5,69.78815357835039,0.8011180705783407
617.0,617.0,train,4.8175584055927684E-5,46.14920693316243,0.7034842625650267
618.0,618.0,train,3.3469510043350234E-5,29.17553876648506,0.5702554276254919
619.0,619.0,train,2.706125082356287E-5,22.03435232195214,0.49482949654165587
620.0,620.0,train,3.887382382999615E-5,35.22958821506049,0.6250399734078427
621.0,621.0,train,4.707719168146004E-5,44.88769799250233,0.6951508841954793
622.0,622.0,train,7.225777952047467E-5,84.40732871148157,0.8385147148534992
623.0,623.0,train,4.3771168743245815E-5,41.03896376940475,0.6686283331222691
624.0,624.0,train,5.9659641270450104E-5,62.24125233862511,0.7780807823975443
625.0,625.0,train,3.6285022678373755E-5,32.302942231781834,0.5997277987343124
626.0,626.0,train,6.202614247832995E-5,66.15304797437997,0.7909449701740671
627.0,627.0,train,4.7352495853989484E-5,45.266002500810686,0.6972613262647642
628.0,628.0,train,5.7361522206055906E-5,58.57714525870632,0.7648311421943041
629.0,629.0,train,6.405412505328247E-5,69.89727128309784,0.8013739860090294
630.0,630.0,train,3.716657398429638E-5,33.35441485015497,0.6085335192984856
631.0,631.0,train,4.1728982502412155E-5,38.56072118191504,0.6511043755438124
632.0,632.0,train,5.8949096148805396E-5,61.21712836969341,0.7740659340874171
633.0,633.0,train,7.2117549814398E-5,84.15531591553321,0.8379422814946131
634.0,634.0,train,5.003630882675776E-5,48.520261362751874,0.7170848404697107
635.0,635.0,train,5.63115852325313E-5,57.180788898149245,0.7585173225172767
636.0,636.0,train,7.431625324183648E-5,87.3892124525336,0.8466886489008347
637.0,637.0,train,6.143889769342108E-5,65.19097103560152,0.7878240339536271
638.0,638.0,train,7.259732708638669E-5,84.97331749080027,0.8398924245481119
639.0,639.0,train,5.564790661938139E-5,56.12847540955701,0.7544391196387923
640.0,640.0,train,5.8112030309334905E-5,59.75629307564482,0.7692429100702735
641.0,641.0,train,6.917242098718377E-5,79.15807747055025,0.82543983475254
642.0,642.0,train,2.8788391661503237E-5,24.005386293128186,0.516373165049298
643.0,643.0,train,7.612918096570838E-5,89.68653223536339,0.8535441965727687
644.0,644.0,train,6.979738434071374E-5,80.28810908785128,0.8281710949920952
645.0,645.0,train,6.699368576214073E-5,75.31359975369169,0.8155741796304729
646.0,646.0,train,5.0999164072635805E-5,49.74783569056929,0.72387586537403
647.0,647.0,train,4.2504771389700995E-5,39.51437324130557,0.657867983951905
648.0,648.0,train,4.302785357865095E-5,40.134361468969416,0.6623542388038606
649.0,649.0,train,7.38179940841328E-5,86.68728817107245,0.8447488978392012
650.0,650.0,train,5.805029136570777E-5,59.6777640368029,0.7688831309675739
651.0,651.0,train,7.132637586843967E-5,82.90052952292139,0.8346743912511925
652.0,652.0,train,3.6381337343688184E-5,32.44747664753578,0.6006994346298156
653.0,653.0,train,1.145923800563388E-5,7.29990735522097,0.2511080609138644
654.0,654.0,train,5.01956887281967E-5,48.75945130583721,0.7182203743503551
655.0,655.0,train,3.587581262224613E-5,31.88088014230689,0.5955731983872892
656.0,656.0,train,6.752982961507141E-5,76.43516149532722,0.8180524685526682
657.0,657.0,train,6.895494517137773E-5,78.79593344807236,0.8244792589232361
658.0,658.0,train,5.485009987277156E-5,55.02072540804761,0.7494454579545742
659.0,659.0,train,4.8276602071722904E-5,46.27267817476729,0.7042391401369412
660.0,660.0,train,5.8280416395436616E-5,60.05152507845414,0.7702213231834208
661.0,661.0,train,4.429009667759369E-5,41.658273106238966,0.6729392080960566
662.0,662.0,train,5.3262784817688294E-5,52.75891696085282,0.7392060364668263
663.0,663.0,train,3.902687395319016E-5,35.39884764363204,0.6264852921670351
664.0,664.0,train,5.7273268362049554E-5,58.44989066113831,0.7643068414668917
665.0,665.0,train,1.9379399247571203E-5,13.872108979768495,0.3867708905738825
666.0,666.0,train,6.618857698730616E-5,73.754268490623,0.8117890682833562
667.0,667.0,train,3.0799986399935264E-5,26.285658931223697,0.5403095412531438
668.0,668.0,train,6.296897745808104E-5,67.76036757764088,0.79585997186573
669.0,669.0,train,4.9653784302165165E-5,48.07727506453094,0.7143407617674726
670.0,670.0,train,3.300755614936181E-5,28.652880960032622,0.5652166395206167
671.0,671.0,train,4.4937155651538574E-5,42.460497919752754,0.6782360253140478
672.0,672.0,train,5.340851031908552E-5,53.00068593916018,0.7401632706246324
673.0,673.0,train,3.659345486061761E-5,32.71550920423055,0.6028309969550147
674.0,674.0,train,4.63639471650328E-5,44.003291758934616,0.6896145693096642
675.0,675.0,train,3.809027661761601E-5,34.273417693506666,0.6175525226963401
676.0,676.0,train,6.621942331389896E-5,73.81441610480297,0.8119355092657095
677.0,677.0,train,3.883021589021609E-5,35.16769642276425,0.6246271418797857
678.0,678.0,train,5.445598202055391E-5,54.50789668867581,0.7469412345143657
679.0,679.0,train,7.207041964609342E-5,84.07933193844111,0.8377494356295913
680.0,680.0,train,5.915090087787738E-5,61.57963102277743,0.7752135355482597
681.0,681.0,train,5.3874134182299243E-5,53.66885457452574,0.7431983513649902
682.0,682.0,train,7.121846715517313E-5,82.74995219709565,0.8342236042268811
683.0,683.0,train,6.977817079109499E-5,80.24624722002818,0.8280877667040314
684.0,684.0,train,6.70804789544542E-5,75.47906634697894,0.8159776533388975
685.0,685.0,train,3.375566450487172E-5,29.46666055674036,0.5733473404484233
686.0,686.0,train,5.5406468213948025E-5,55.788494518004406,0.7529384935034633
687.0,687.0,train,4.5738810471137314E-5,43.30924057830127,0.6846795417833511
688.0,688.0,train,7.297185418903186E-5,85.43621690576929,0.8413984346635806
689.0,689.0,train,4.954936941514719E-5,47.933205608334575,0.7135871176633173
690.0,690.0,train,5.403719431218685E-5,53.89110517612979,0.744252825091452
691.0,691.0,train,7.814094113135871E-5,91.7331526208128,0.8607933853902627
692.0,692.0,train,6.588721474877844E-5,73.1888057123083,0.8103523574290687
693.0,693.0,train,5.105458695291891E-5,49.81995130863715,0.72426176393088
694.0,694.0,train,7.156232492148359E-5,83.23475078685566,0.8356557990034773
695.0,695.0,train,5.4484874083777494E-5,54.549148289311475,0.7471256617195567
696.0,696.0,train,4.454668241330137E-5,41.99395323589447,0.6750499695146488
697.0,697.0,train,5.144332194019693E-5,50.31133528884541,0.726953333773793
698.0,698.0,train,5.509675740886439E-5,55.354882622099346,0.7510000955532572
699.0,699.0,train,4.97798792013272E-5,48.219477166990806,0.7152482445426089
700.0,700.0,train,5.0341686223957965E-5,48.95084128775114,0.7192565624480178
701.0,701.0,train,3.865748368606755E-5,34.938830994627075,0.6229874344994786
702.0,702.0,train,5.0113809126987646E-5,48.63716458352133,0.7176375772445069
703.0,703.0,train,5.422566013571762E-5,54.14507512469641,0.745466198622246
704.0,704.0,train,2.6054528786470853E-5,20.859672882699172,0.4818320249732877
705.0,705.0,train,3.622760118075723E-5,32.227996620879594,0.5991473979800521
706.0,706.0,train,2.041357875070059E-5,14.772619771711641,0.4025669083704476
707.0,707.0,train,5.244053168692587E-5,51.661771895104636,0.7337383990166151
708.0,708.0,train,5.7722808033642784E-5,59.18894914657255,0.7669653462221822
709.0,709.0,train,6.0207573348880534E-5,63.180430227421276,0.7811280182829611
710.0,710.0,train,5.967325930463262E-5,62.25652731945455,0.7781570285726028
711.0,711.0,train,7.146723566293648E-5,83.09909249361978,0.8352609870129359
712.0,712.0,train,5.754430386994398E-5,58.86411287490399,0.7659133100341693
713.0,713.0,train,7.429712777772339E-5,87.36403805921108,0.8466146416209843
714.0,714.0,train,5.7492779238874284E-5,58.77015119571881,0.7656087609374078
715.0,715.0,train,7.156451711395145E-5,83.23787825985501,0.8356648898515575
716.0,716.0,train,6.163105113522838E-5,65.49443960156776,0.7888503360861229
717.0,717.0,train,6.341918802385167E-5,68.7117158938671,0.7981659895060974
718.0,718.0,train,4.153961073486636E-5,38.314856782121936,0.6494331611388181
719.0,719.0,train,7.180588815047943E-5,83.60748133753815,0.8366627667097265
720.0,720.0,train,7.311885411614294E-5,85.71324987004674,0.8419856571861509
721.0,721.0,train,7.056369141032836E-5,81.65737342506135,0.8314618096036788
722.0,722.0,train,6.156681893944524E-5,65.3933627606947,0.7885078219383473
723.0,723.0,train,6.086293746466085E-5,64.18207398787189,0.7847178168764245
724.0,724.0,train,6.82373667248867E-5,77.53901528131459,0.8212721105619762
725.0,725.0,train,6.058114112670983E-5,63.79885195647719,0.7831815318881563
726.0,726.0,train,6.748424534165812E-5,76.35829039737588,0.8178430600303347
727.0,727.0,train,6.73702208984916E-5,76.12175008577685,0.8173181897641274
728.0,728.0,train,6.262408510950281E-5,67.11431089479807,0.7940755962877353
729.0,729.0,train,8.621940105203399E-5,97.1232910467911,0.8864652792696851
730.0,730.0,train,7.9856663145754E-5,93.25004564348518,0.8666916307134847
731.0,731.0,train,6.576246759068847E-5,72.9469871807505,0.8097544345357974
732.0,732.0,train,4.854617775565374E-5,46.60664920035135,0.7062442052059992
733.0,733.0,train,7.755680284111638E-5,91.1589519276281,0.8587262753947817
734.0,734.0,train,4.4282436058827644E-5,41.64812832403556,0.6728759789003693
735.0,735.0,train,9.42735418761097E-5,98.83171321706347,0.9073460303014534
736.0,736.0,train,6.104187885387207E-5,64.47843342182624,0.7856877060402344
737.0,737.0,train,6.030685546830861E-5,63.37094287308455,0.7816756652134031
738.0,738.0,train,4.1612184244918015E-5,38.403441665219596,0.6500745696296856
739.0,739.0,train,5.3179603028327536E-5,52.64876199838741,0.7386580560848274
740.0,740.0,train,5.5404150091459484E-5,55.78558458348312,0.7529240411852886
741.0,741.0,train,7.350182617890783E-5,86.24022382854525,0.8435053302309096
742.0,742.0,train,7.40364567077148E-5,86.99185900640576,0.8456023883099475
743.0,743.0,train,7.396189382526926E-5,86.88569239712977,0.845311614530315
744.0,744.0,train,6.353235219720994E-5,68.93630597184954,0.7987415178554679
745.0,745.0,train,5.290021776228849E-5,52.25251026516527,0.7368090951210848
746.0,746.0,train,6.009448786865252E-5,62.956360699531565,0.7805025573936518
747.0,747.0,train,5.500578334442234E-5,55.22321424080555,0.7504278285449438
748.0,748.0,train,3.720791721133379E-5,33.401507139686856,0.6089417031147735
749.0,749.0,train,7.140247089707274E-5,83.00669729859905,0.8349915399026633
750.0,750.0,train,7.122993027059118E-5,82.76596863528638,0.8342715495108153
751.0,751.0,train,4.773595796637891E-5,45.65298416966777,0.7001765657691552
752.0,752.0,train,2.7173933111555606E-5,22.147917411570596,0.4962638615968704
753.0,753.0,train,7.671734224781951E-5,90.40422652820996,0.8557017797379297
754.0,754.0,train,7.471753743233663E-5,87.9135781899205,0.8482332372085251
755.0,755.0,train,8.548929447528509E-5,96.79946869203206,0.8843541976033857
756.0,756.0,train,6.797391214385456E-5,77.09494424967689,0.8200799745249703
757.0,757.0,train,7.801843228828946E-5,91.60649520541833,0.860362380584913
758.0,758.0,train,9.252114693351262E-5,98.61489396680399,0.903156966953732
759.0,759.0,train,6.636126556249922E-5,74.09455874274012,0.812607431124148
760.0,760.0,train,7.947178067786546E-5,92.91996611263905,0.8653906239760187
761.0,761.0,train,7.919737026437722E-5,92.71987462305901,0.8644552964098373
762.0,762.0,train,5.872526445729242E-5,60.79373417947475,0.7727862178067041
763.0,763.0,train,6.757037246049154E-5,76.50353097471458,0.8182385150962495
764.0,764.0,train,1.0364047492375619E-5,6.41193121944559,0.2301231539879922
765.0,765.0,train,3.4172658776602094E-5,29.943972424887065,0.5778131993098055
766.0,766.0,train,6.503892672994721E-5,71.76605871617207,0.8062490828575573
767.0,767.0,train,8.036927394707531E-5,93.68669520584605,0.8684048884970819
768.0,768.0,train,6.556633478478137E-5,72.57949173012491,0.8088105404273471
769.0,769.0,train,4.458564162226122E-5,42.03753957294052,0.675369267810805
770.0,770.0,train,6.623347195082387E-5,73.84181143116349,0.8120021665108663
771.0,771.0,train,5.673049383284674E-5,57.754216319297555,0.761056512729911
772.0,772.0,train,5.961664702216408E-5,62.19581050370979,0.7778398893722196
773.0,773.0,train,7.247794381082999E-5,84.79293324870571,0.8394093734895618
774.0,774.0,train,6.410836533868527E-5,70.01267882903258,0.8016456576252797
775.0,775.0,train,6.386767654973133E-5,69.51960766016664,0.8004372862393738
776.0,776.0,train,2.7251325636654984E-5,22.22591626307844,0.4972466532781654
777.0,777.0,train,6.579859366469853E-5,73.0170415387342,0.809927783288066
778.0,778.0,train,7.238249972096343E-5,84.63343352431288,0.8390221375416446
779.0,779.0,train,6.339218015634718E-5,68.65499500059634,0.7980283902811138
780.0,780.0,train,6.376877246239127E-5,69.3681128820375,0.799938609580481
781.0,781.0,train,6.82240570834969E-5,77.5151697245912,0.8212120741181677
782.0,782.0,train,7.332951540194283E-5,86.00507933982934,0.8428234001483395
783.0,783.0,train,7.478004735893056E-5,87.98224060617636,0.8484724401581625
784.0,784.0,train,7.272196802676992E-5,85.13812048883578,0.8403951989507659
785.0,785.0,train,9.09459125011332E-6,5.425770233833643,0.2050622436912488
786.0,786.0,train,7.654681589921147E-5,90.20161615495309,0.8550795216626883
787.0,787.0,train,5.000952348546077E-5,48.48470968881975,0.7168935543191086
788.0,788.0,train,7.441324670969764E-5,87.51883498694816,0.847063422320512
789.0,789.0,train,6.402653308606012E-5,69.8382674104062,0.801235644236064
790.0,790.0,train,6.678311603788343E-5,74.9038976811246,0.8145916281416159
791.0,791.0,train,7.443707028252984E-5,87.5540543377614,0.8471553340787074
792.0,792.0,train,8.725003267929438E-5,97.55160663935372,0.8893798892237345
793.0,793.0,train,4.981267196278788E-5,48.25660381685058,0.7154837755407253
794.0,794.0,train,4.478917802891943E-5,42.256769316808736,0.6770322985966899
795.0,795.0,train,6.710952219838125E-5,75.54088293040675,0.8161124688622738
796.0,796.0,train,9.224923097667399E-5,98.574296412939,0.9024901951478187
797.0,797.0,train,6.70992572108987E-5,75.51759991572698,0.8160648312154202
798.0,798.0,train,1.0291705229854853E-4,99.46753971158493,0.9255027033518666
799.0,799.0,train,7.985709872527817E-5,93.250452008904,0.8666930959435853
800.0,800.0,train,7.78591995754569E-5,91.44192818583254,0.8598001805369664
801.0,801.0,train,5.618169465554822E-5,56.983864495853254,0.75772453117345
802.0,802.0,train,9.660376997932266E-6,5.862864173218123,0.21633089559574192
803.0,803.0,train,6.959683733078505E-5,79.89256006883922,0.827299338655404
804.0,804.0,train,6.423221348452528E-5,70.26143359537187,0.8022645799158099
805.0,805.0,train,7.061842258038303E-5,81.77545026350853,0.8316944132632491
806.0,806.0,train,5.034484524671738E-5,48.95498249103437,0.7192789408157018
807.0,807.0,train,6.117401601632952E-5,64.74519465711693,0.7864011035172226
808.0,808.0,train,5.665980705660028E-5,57.66755693865062,0.7606299291811359
809.0,809.0,train,8.766373776741814E-5,97.71813800017944,0.8905286864811228
810.0,810.0,train,5.671898243543057E-5,57.740103770622426,0.7609870951178904
811.0,811.0,train,7.844639571226721E-5,92.03010771739694,0.8618622364951042
812.0,812.0,train,7.02406268986773E-5,81.17626885469078,0.8300822440299545
813.0,813.0,train,8.167736977687505E-5,94.69149559717769,0.8726777097276912
814.0,814.0,train,6.208714887298599E-5,66.25334179956869,0.7912665472548724
815.0,815.0,train,4.421438680085232E-5,41.558012248252915,0.6723137772669349
816.0,816.0,train,8.170492701980157E-5,94.71443203842448,0.8727662156971308
817.0,817.0,train,5.186238281520839E-5,50.844680433695004,0.7298254574506315
818.0,818.0,train,5.2118897627024676E-5,51.189157193740634,0.7315686100776149
819.0,819.0,train,6.31560671076396E-5,68.19965653045318,0.7968214436233392
820.0,820.0,train,8.10827217825388E-5,94.20344082588939,0.8707528008712542
821.0,821.0,train,7.51201024071059E-5,88.42461028552789,0.8497671194970927
822.0,822.0,train,6.74057203420257E-5,76.2117808352008,0.8174817605330782
823.0,823.0,train,5.9990438150452484E-5,62.7684760155703,0.779925493395417
824.0,824.0,train,5.893492039598995E-5,61.188752521794676,0.7739851010545039
825.0,825.0,train,7.803503753713961E-5,91.62366276531564,0.8604208784729191
826.0,826.0,train,8.128389110506291E-5,94.35886803971667,0.87140723269146
827.0,827.0,train,4.81550168263471E-5,46.12393143017496,0.7033303338680683
828.0,828.0,train,8.421362607912766E-5,96.26712282429399,0.8805709937832268
829.0,829.0,train,7.818803655154938E-5,91.78079218055497,0.8609587200335773
830.0,830.0,train,7.962331971932421E-5,93.03235244638233,0.8659043754800226
831.0,831.0,train,7.551173823595272E-5,88.9543131787789,0.8512444803002983
832.0,832.0,train,6.198594237139424E-5,66.08695837999153,0.7907327965133462
833.0,833.0,train,6.194538741291549E-5,66.02028540420598,0.7905185317691907
834.0,834.0,train,1.0316276444866762E-4,99.48091742561405,0.9259631770390377
835.0,835.0,train,7.900853711320562E-5,92.53619769316177,0.863807886632848
836.0,836.0,train,6.108884745206468E-5,64.57067504942378,0.7859415581008502
837.0,837.0,train,7.5007629262691E-5,88.25548301167441,0.8493401335168088
838.0,838.0,train,6.395051717824146E-5,69.68209728220444,0.800854013863695
839.0,839.0,train,4.382805724597259E-5,41.109897668456206,0.669103680980726
840.0,840.0,train,7.871853959683022E-5,92.23922304222685,0.862807611245588
841.0,841.0,train,3.679576027324477E-5,32.95504015403445,0.6048533554478482
842.0,842.0,train,5.419066103181408E-5,54.09517132101467,0.7452413048000499
843.0,843.0,train,6.824424001859119E-5,77.55132947597295,0.8213031063665779
844.0,844.0,train,7.541926443944382E-5,88.84093379148112,0.8508969585994994
845.0,845.0,train,8.07463374560365E-5,93.98320642983204,0.8696510465894769
846.0,846.0,train,6.352830793346892E-5,68.92837690616447,0.798720977915499
847.0,847.0,train,6.827582904366134E-5,77.60792438090583,0.8214454911217921
848.0,848.0,train,5.8545089731795E-5,60.47929279135977,0.7717508384048304
849.0,849.0,train,7.783135606751572E-5,91.41316733286578,0.859701641723728
850.0,850.0,train,7.451457030870293E-5,87.66862575948099,0.8474539485798527
851.0,851.0,train,5.9597560247981896E-5,62.17563715317967,0.7777328640474451
852.0,852.0,train,6.642907762084677E-5,74.2323131357052,0.8129278153445871
853.0,853.0,train,6.944034039965767E-5,79.63615850271009,0.8266159921567019
854.0,854.0,train,2.9892342219227163E-5,25.242012163962137,0.529659596496362
855.0,855.0,train,6.125934576869143E-5,64.89506207728932,0.7868605292954001
856.0,856.0,train,7.948320341296654E-5,92.92785449598465,0.8654294181200852
857.0,857.0,train,2.4206604751169225E-5,18.715644322552407,0.4570975327789839
858.0,858.0,train,7.71957311213126E-5,90.87725344707074,0.8574332168270391
859.0,859.0,train,5.287081020394464E-5,52.21975307360854,0.7366137177153347
860.0,860.0,train,7.080641454438824E-5,82.0575016707436,0.8324909237113115
861.0,861.0,train,6.696155699155013E-5,75.25235127564652,0.8154245990416912
862.0,862.0,train,7.554946195790435E-5,89.00056511871149,0.8513860154413988
863.0,863.0,train,5.3350586162802516E-5,52.90458564134282,0.7397832028605027
864.0,864.0,train,6.099465904156519E-5,64.39434010102688,0.7854321927744901
865.0,865.0,train,5.08692248425898E-5,49.57410035668867,0.7229690054819238
866.0,866.0,train,6.410338381864671E-5,70.00260838708455,0.8016207223459799
867.0,867.0,train,1.9605240446382676E-5,14.07390026377708,0.390255646613915
868.0,868.0,train,6.250467237357573E-5,66.94945713167493,0.7934541604515255
869.0,869.0,train,4.143423900973303E-5,38.180372198983505,0.6484997869702807
870.0,870.0,train,4.64280265214851E-5,44.09387158250854,0.6901160471453127
871.0,871.0,train,3.1114598724070146E-5,26.62645124880855,0.5439445193860242
872.0,872.0,train,4.920847465970712E-5,47.41158645785095,0.7111127429312836
873.0,873.0,train,5.769521887963808E-5,59.13882092043773,0.7668030556016672
874.0,874.0,train,4.994030419742616E-5,48.40450037247904,0.7163986291143372
875.0,875.0,train,1.8492460526162132E-5,13.093119589238263,0.3728915531985437
876.0,876.0,train,8.035357769748342E-5,93.67532755397814,0.8683527564223902
877.0,877.0,train,5.826015761143795E-5,60.02267190775872,0.7701038287052554
878.0,878.0,train,6.191018836362164E-5,65.96698725243282,0.7903323861690433
879.0,879.0,train,5.5027344831950924E-5,55.25126668109936,0.7505635786217537
880.0,880.0,train,6.0033222897705155E-5,62.84573330040482,0.7801629627862252
881.0,881.0,train,4.637002067579966E-5,44.01172029454607,0.689662134714867
882.0,882.0,train,5.2576877634760255E-5,51.856035506902266,0.7346529064359499
883.0,883.0,train,4.032493494164414E-5,36.84148861102224,0.6385215891537641
884.0,884.0,train,4.42753470139483E-5,41.63874046405618,0.6728174564700502
885.0,885.0,train,4.908719445739554E-5,47.23313388475222,0.7102272881974425
886.0,886.0,train,3.414191232413833E-5,29.91224553902719,0.5774855181314065
887.0,887.0,train,5.7591455366691015E-5,58.95009959074196,0.7661916638706895
888.0,888.0,train,2.6579624249243423E-5,21.44553488776361,0.48865255489666626
889.0,889.0,train,4.223239951971251E-5,39.225983133335696,0.6555084152825932
890.0,890.0,train,4.8732744647894846E-5,46.838086164121634,0.7076238982728684
891.0,891.0,train,5.9022183116017106E-5,61.35142457251596,0.7744822323420649
892.0,892.0,train,1.7611827046475824E-5,12.34037816953343,0.35880010851868116
893.0,893.0,train,6.201129813635495E-5,66.12864364775318,0.7908666477248114
894.0,894.0,train,6.664159227122729E-5,74.59768444671204,0.8139283162700671
895.0,895.0,train,3.711243095932243E-5,33.2927428619984,0.607998318007161
896.0,896.0,train,1.7950679441051655E-5,12.634016988985511,0.3642593454250579
897.0,897.0,train,5.651140997528135E-5,57.48119937003796,0.7597318969096266
898.0,898.0,train,6.876403858829485E-5,78.46383894205484,0.8236316818906944
899.0,899.0,train,4.773396392838302E-5,45.6505961805176,0.7001614791031201
900.0,900.0,train,6.344015899788253E-5,68.75555467074925,0.798272767410788
901.0,901.0,train,2.450320928570754E-5,19.068375653808832,0.461145702662747
902.0,902.0,train,3.527223169474011E-5,31.195260180740355,0.5893663622776906
903.0,903.0,train,4.700059062946257E-5,44.790447834822295,0.6945610596790336
904.0,904.0,train,6.035925537172061E-5,63.46792537717735,0.7819641539669138
905.0,905.0,train,5.4419668404291336E-5,54.44889389330062,0.7467092423985284
906.0,906.0,train,2.0924327481583543E-5,15.261089751695676,0.4102173110757271
907.0,907.0,train,5.046318431542074E-5,49.08964421836594,0.7201159654021514
908.0,908.0,train,1.3172175763290886E-5,8.668301731138074,0.2827885531647393
909.0,909.0,train,4.769863065868733E-5,45.608282310447215,0.699894025641417
910.0,910.0,train,4.320803901232283E-5,40.32395290956218,0.663885951751279
911.0,911.0,train,8.301565135239446E-5,95.59684069157562,0.876905591801664
912.0,912.0,train,5.6124229985191265E-5,56.882863252391026,0.7573729637530534
913.0,913.0,train,9.882053647068233E-6,6.028558698013781,0.2207023093882059
914.0,914.0,train,6.790273687327526E-5,76.98773386435253,0.8197565432313945
915.0,915.0,train,2.637238270884265E-5,21.183904107423913,0.48597145920318296
916.0,916.0,train,8.629437887713538E-5,97.16369850027009,0.8866798814392052
917.0,917.0,train,2.1721747620616383E-5,16.074806380305496,0.4219662991641713
918.0,918.0,train,4.65794903136248E-5,44.298498426295865,0.6912981671978891
919.0,919.0,train,2.861279647810394E-5,23.828263451242602,0.5142254885844428
920.0,920.0,train,3.639115634304766E-5,32.46221150988594,0.6007983574984341
921.0,921.0,train,5.902056706917103E-5,61.3485393198706,0.7744730357502367
922.0,922.0,train,7.360852914337299E-5,86.40120781955326,0.8439261293661877
923.0,923.0,train,2.008439560576115E-6,0.9670234625501649,0.04941780258635664
924.0,924.0,train,2.3481909744301103E-5,17.922696197747644,0.4470782318979776
925.0,925.0,train,3.757028065993315E-5,33.78875405509067,0.6125011719328128
926.0,926.0,train,3.085107674742823E-5,26.341128001440886,0.5409017949435548
927.0,927.0,train,1.0362002669439743E-4,99.50558898624894,0.9268125400137539
928.0,928.0,train,6.822080870848635E-6,3.9029767836163005,0.15814483939225488
929.0,929.0,train,5.350277167359888E-5,53.1585132638103,0.7407805775725087
930.0,930.0,train,1.6354834340688325E-5,11.273932962155872,0.3381360611120505
931.0,931.0,train,6.059824701129432E-5,63.82206296981965,0.7832751007675284
932.0,932.0,train,7.587206674841224E-5,89.34086551041294,0.8525909052659792
933.0,933.0,train,3.4534321315568836E-5,30.310446851406905,0.5816486050772709
934.0,934.0,train,7.949989519792098E-7,0.337459351747855,0.019860995873671294
935.0,935.0,train,8.139459446642403E-5,94.45429334224268,0.8717659515786282
936.0,936.0,train,6.842194136438804E-5,77.85126765148986,0.8221026049953841
937.0,937.0,train,5.133006230514133E-5,50.17565645657923,0.7261718568968458
938.0,938.0,train,1.8318069634379588E-5,12.949153262617143,0.37012584909654045
939.0,939.0,train,2.4012350265149567E-5,18.4912048070223,0.4544298077514538
940.0,940.0,train,1.9265615826707784E-5,13.76736476605883,0.385007661589828
941.0,941.0,train,8.537475153929172E-5,96.75353366555335,0.8840194562900161
942.0,942.0,train,1.5301205962721373E-5,10.379596491387927,0.32030301100337644
943.0,943.0,train,1.4373526819752916E-5,9.652636630389855,0.3042043564746837
944.0,944.0,train,6.945970375612137E-6,3.978324152905195,0.16077254417455666
945.0,945.0,train,5.2176254544447406E-5,51.276299107178374,0.7319568392825353
946.0,946.0,train,2.945719183834151E-5,24.778880111388343,0.5244665576367231
947.0,947.0,train,6.673767253832506E-5,74.7976100232488,0.8143788958173988
948.0,948.0,train,8.676947725527935E-5,97.36844877327606,0.8880303150346047
949.0,949.0,train,1.5864879696613964E-5,10.855820447620454,0.3299023543280434
950.0,950.0,train,6.204098976035813E-5,66.17745713449943,0.7910232787945526
951.0,951.0,train,7.304837834236156E-5,85.54437818188421,0.8417043985055779
952.0,952.0,train,6.130439215312693E-5,64.97334294904267,0.7871026658519953
953.0,953.0,train,6.580651714582486E-5,73.0323987215268,0.8099657825007516
954.0,954.0,train,2.3181058410829854E-5,17.61035364091171,0.4428646783171547
955.0,955.0,train,5.140445281340668E-5,50.26826618005901,0.7266853934928773
956.0,956.0,train,8.130140719636166E-5,94.37396675298703,0.871464057909931
957.0,957.0,train,4.842688681089166E-5,46.45072367264494,0.7053586185151532
958.0,958.0,train,9.859325003622311E-5,99.22091735922811,0.9169146017837627
959.0,959.0,train,3.586097135764177E-5,31.866694854649143,0.5954217113373201
960.0,960.0,train,6.730375914716127E-5,75.96247588051942,0.8170115597523949
961.0,961.0,train,4.7609885262352665E-5,45.50200810875002,0.6992212191257299
962.0,962.0,train,3.893023386573568E-5,35.29520875401718,0.625573327501828
963.0,963.0,train,5.993328122462085E-5,62.67879197371819,0.7796078534062564
964.0,964.0,train,8.419184061437326E-5,96.2587303525194,0.8805053219148141
965.0,965.0,train,1.9881920842613565E-5,14.316482504389413,0.39449787793411006
966.0,966.0,train,7.547466141416067E-5,88.90885438400208,0.8511052409101291
967.0,967.0,train,5.02902823167718E-5,48.88345524927585,0.7188921688093395
968.0,968.0,train,7.267816258836923E-5,85.08166609879147,0.8402186775434932
969.0,969.0,train,8.746619015454605E-5,97.63861789335972,0.8899816221927516
970.0,970.0,train,6.674497608047485E-5,74.81469225496164,0.8144131019692677
971.0,971.0,train,1.0779771790923477E-4,99.62940558441746,0.9341351508398443
972.0,972.0,train,5.7436915438734417E-5,58.68607468615689,0.7652781164121515
973.0,973.0,train,5.397864812632784E-5,53.81744292624836,0.7438747190299594
974.0,974.0,train,9.97132131065856E-5,99.29310778184679,0.9192298065932482
975.0,975.0,train,5.2513501408510676E-5,51.76252323241811,0.7342282170853774
976.0,976.0,train,9.065664376725E-5,98.31428911498925,0.898491755019696
977.0,977.0,train,4.819121101953395E-5,46.16841123891337,0.7036011640616389
978.0,978.0,train,3.221850579127953E-5,27.772034180801505,0.5564730104466259
979.0,979.0,train,5.1994426434301726E-5,51.00141067691882,0.7307241721889768
980.0,980.0,train,8.238709704864223E-5,95.16660973647619,0.8749376458558167
981.0,981.0,train,7.905900525303568E-5,92.58528776513322,0.8639812175738193
982.0,982.0,train,8.64943116210736E-5,97.26551142551764,0.8872501497390908
983.0,983.0,train,5.527722128316556E-5,55.61452335563288,0.752131412609519
984.0,984.0,train,6.998908754111922E-5,80.68818210066732,0.8290002942908811
985.0,985.0,train,7.227479582158977E-5,84.44044332822314,0.838584039589866
986.0,986.0,train,2.7332329639006194E-5,22.31875011417572,0.49827325269223866
987.0,987.0,train,7.819556359537838E-5,91.78824646077854,0.8609851265009189
988.0,988.0,train,6.013115763666925E-5,63.02504790881698,0.7807055686218991
989.0,989.0,train,1.0629420248023074E-4,99.58484504699621,0.9315882652586298
990.0,990.0,train,6.028646658054231E-5,63.33320682277743,0.7815633106407187
991.0,991.0,train,1.0672719059119797E-4,99.59767776061491,0.932331660096601
992.0,992.0,train,7.091199053867704E-5,82.21105659947364,0.8329365886819
993.0,993.0,train,6.031512608558769E-5,63.38625025195148,0.7817212246242061
994.0,994.0,train,6.039468238364604E-5,63.52736864192183,0.7821589820973818
995.0,995.0,train,5.5721704995109136E-5,56.25889554719456,0.7548959816204917
996.0,996.0,train,6.010838211312939E-5,62.98144981824881,0.7805795008368177
997.0,997.0,train,7.78856417622201E-5,91.46924154904893,0.8598936959698572
998.0,998.0,train,9.369470617865948E-5,98.77634683034522,0.9059827716848672
999.0,999.0,train,5.983870334198843E-5,62.53504447384075,0.7790812454853222
1000.0,1000.0,train,3.8062171516439454E-5,34.240825467393876,0.617281194885916
